Date,Description,Money Out,Money In,Balance
01/09/2026,OPENING BALANCE,,,8450.00
01/09/2026,RENT - 12 SAMPLE STREET LANDLORD LTD,2400.00,,6050.00
01/09/2026,CARD SALES SETTLEMENT SQUARE,,1286.40,7336.40
02/09/2026,DD BRITISH GAS BUSINESS,312.18,,7024.22
02/09/2026,CARD SALES SETTLEMENT SQUARE,,954.20,7978.42
03/09/2026,FPO BRAKES FOODSERVICE INV 88213,1148.62,,6829.80
04/09/2026,CARD SALES SETTLEMENT SQUARE,,1102.75,7932.55
05/09/2026,CASH DEPOSIT,,480.00,8412.55
05/09/2026,DD THAMES WATER,86.40,,8326.15
06/09/2026,CARD PURCHASE MAKRO CHARLTON,264.35,,8061.80
08/09/2026,CARD SALES SETTLEMENT SQUARE,,1540.90,9602.70
08/09/2026,DD BT BUSINESS BROADBAND,48.00,,9554.70
09/09/2026,FPO ESSEX DAIRY SUPPLIES INV 4471,392.10,,9162.60
10/09/2026,CARD SALES SETTLEMENT SQUARE,,1018.30,10180.90
11/09/2026,DD HISCOX INSURANCE,74.25,,10106.65
12/09/2026,TRANSFER TO D MORGAN DIRECTOR,1000.00,,9106.65
12/09/2026,CARD SALES SETTLEMENT SQUARE,,1325.65,10432.30
15/09/2026,PAYROLL STAFF WAGES,3860.00,,6572.30
15/09/2026,CARD SALES SETTLEMENT SQUARE,,1612.80,8185.10
16/09/2026,FPO BRAKES FOODSERVICE INV 88594,1206.44,,6978.66
17/09/2026,CARD PURCHASE SCREWFIX LEWISHAM,58.97,,6919.69
18/09/2026,CARD SALES SETTLEMENT SQUARE,,1188.15,8107.84
19/09/2026,CATERING ORDER - BRIGHT DESIGN STUDIO,,650.00,8757.84
19/09/2026,DD SQUARE CARD FEES,98.42,,8659.42
22/09/2026,HMRC PAYE NIC,742.36,,7917.06
22/09/2026,CARD SALES SETTLEMENT SQUARE,,1476.20,9393.26
23/09/2026,FPO ESSEX DAIRY SUPPLIES INV 4502,405.80,,8987.46
24/09/2026,CARD PURCHASE AMAZON MARKETPLACE,42.99,,8944.47
25/09/2026,CARD SALES SETTLEMENT SQUARE,,1294.60,10239.07
26/09/2026,DD LEWISHAM COUNCIL BUSINESS RATES,215.00,,10024.07
29/09/2026,CARD SALES SETTLEMENT SQUARE,,1701.35,11725.42
29/09/2026,FPO CITY ACCOUNTANCY SERVICES,180.00,,11545.42
30/09/2026,DIRECTOR LOAN REPAYMENT D MORGAN,,500.00,12045.42
30/09/2026,MONTHLY ACCOUNT FEE,12.50,,12032.92
